{"cameraMode":{"drawMode":0,"name":"Shaded","section":"Shading Mode"},"sceneLighting":true,"audioPlay":false,"sceneViewState":{"m_AlwaysRefresh":false,"showFog":true,"showSkybox":true,"showFlares":true,"showImageEffects":true,"showParticleSystems":true,"showVisualEffectGraphs":true,"m_FxEnabled":true},"in2DMode":false,"pivot":{"x":3.3545150756835939,"y":0.8342618346214294,"z":9.424837112426758},"rotation":{"x":-0.0017824593232944608,"y":-0.13993382453918458,"z":0.0003222426457796246,"w":-0.9900702238082886},"size":11.497918128967286,"orthographic":false}